<?xml version="1.0" encoding="UTF-8"?>
<project-private xmlns="http://www.netbeans.org/ns/project-private/1">
    <editor-bookmarks xmlns="http://www.netbeans.org/ns/editor-bookmarks/2" lastBookmarkId="0"/>
    <open-files xmlns="http://www.netbeans.org/ns/projectui-open-files/2">
        <group>
            <file>file:/C:/Users/THANH/Desktop/Assignment%20PRJ301/Assignment/Assignment/web/Menu.jsp</file>
            <file>file:/C:/Users/THANH/Desktop/Assignment%20PRJ301/Assignment/Assignment/web/Home.jsp</file>
            <file>file:/C:/Users/THANH/Desktop/Assignment%20PRJ301/Assignment/Assignment/web/Detail.jsp</file>
            <file>file:/C:/Users/THANH/Desktop/Assignment%20PRJ301/Assignment/Assignment/src/java/controller/DeleteControll.java</file>
            <file>file:/C:/Users/THANH/Desktop/Assignment%20PRJ301/Assignment/Assignment/web/css/login.css</file>
            <file>file:/C:/Users/THANH/Desktop/Assignment%20PRJ301/Assignment/Assignment/web/Footer.jsp</file>
            <file>file:/C:/Users/THANH/Desktop/Assignment%20PRJ301/Assignment/Assignment/web/ManagerProduct.jsp</file>
            <file>file:/C:/Users/THANH/Desktop/Assignment%20PRJ301/Assignment/Assignment/src/java/controller/AddControll.java</file>
            <file>file:/C:/Users/THANH/Desktop/Assignment%20PRJ301/Assignment/Assignment/src/java/controller/SignUpControll.java</file>
            <file>file:/C:/Users/THANH/Desktop/Assignment%20PRJ301/Assignment/Assignment/web/css/manager.css</file>
            <file>file:/C:/Users/THANH/Desktop/Assignment%20PRJ301/Assignment/Assignment/web/css/style.css</file>
            <file>file:/C:/Users/THANH/Desktop/Assignment%20PRJ301/Assignment/Assignment/src/java/controller/CategoryControll.java</file>
            <file>file:/C:/Users/THANH/Desktop/Assignment%20PRJ301/Assignment/Assignment/src/java/controller/SearchControll.java</file>
            <file>file:/C:/Users/THANH/Desktop/Assignment%20PRJ301/Assignment/Assignment/src/java/controller/LogoutControll.java</file>
        </group>
    </open-files>
</project-private>
