<?xml version="1.0" encoding="UTF-8"?>
<project-private xmlns="http://www.netbeans.org/ns/project-private/1">
    <editor-bookmarks xmlns="http://www.netbeans.org/ns/editor-bookmarks/2" lastBookmarkId="0"/>
    <open-files xmlns="http://www.netbeans.org/ns/projectui-open-files/2">
        <group>
            <file>file:/E:/PRJ301/Test1/workshop2/src/java/model/Category.java</file>
            <file>file:/E:/PRJ301/Test1/workshop2/src/java/dal/DBContext.java</file>
            <file>file:/E:/PRJ301/Test1/workshop2/web/ManagerAccount.jsp</file>
            <file>file:/E:/PRJ301/Test1/workshop2/src/java/controller/HomeControll.java</file>
            <file>file:/E:/PRJ301/Test1/workshop2/web/WEB-INF/web.xml</file>
            <file>file:/E:/PRJ301/Test1/workshop2/web/Login.jsp</file>
            <file>file:/E:/PRJ301/Test1/workshop2/src/java/controller/SignUpControll.java</file>
            <file>file:/E:/PRJ301/Test1/workshop2/src/java/model/Users.java</file>
            <file>file:/E:/PRJ301/Test1/workshop2/src/java/controller/DetailControll.java</file>
            <file>file:/E:/PRJ301/Test1/workshop2/src/java/controller/ManagerProduct.java</file>
            <file>file:/E:/PRJ301/Test1/workshop2/src/java/controller/AddControll.java</file>
            <file>file:/E:/PRJ301/Test1/workshop2/web/Menu.jsp</file>
            <file>file:/E:/PRJ301/Test1/workshop2/web/ManagerProduct.jsp</file>
            <file>file:/E:/PRJ301/Test1/workshop2/src/java/dal/DAO.java</file>
            <file>file:/E:/PRJ301/Test1/workshop2/web/Home.jsp</file>
            <file>file:/E:/PRJ301/Test1/workshop2/src/java/controller/CategoryControll.java</file>
        </group>
    </open-files>
</project-private>
